{"cameraMode":{"drawMode":0,"name":"Shaded","section":"Shading Mode"},"sceneLighting":true,"audioPlay":false,"sceneViewState":{"showFog":true,"showMaterialUpdate":false,"showSkybox":true,"showFlares":true,"showImageEffects":true,"showParticleSystems":true},"in2DMode":false,"pivot":{"x":-0.689932107925415,"y":2.226080894470215,"z":-1.141441822052002},"rotation":{"x":0.20823736488819123,"y":0.3996506631374359,"z":-0.09374354034662247,"w":0.8877661228179932},"size":6.146100997924805,"orthographic":false}